Package,Dependency
io :: crates :: smallvec :: v_0_3_3,io :: crates :: libdrm :: v_0_0_2
io :: crates :: smallvec :: v_0_3_3,io :: crates :: control_code :: v_0_6_3
io :: crates :: smallvec :: v_0_3_3,io :: crates :: selectors :: v_0_18_0
io :: crates :: smallvec :: v_0_3_3,io :: crates :: multiqueue :: v_0_3_1
io :: crates :: smallvec :: v_0_3_3,io :: crates :: multiqueue :: v_0_3_0
io :: crates :: smallvec :: v_0_3_3,io :: crates :: multiqueue :: v_0_3_2
io :: crates :: smallvec :: v_0_3_3,io :: crates :: parking_lot_core :: v_0_2_1
io :: crates :: smallvec :: v_0_3_3,io :: crates :: multiqueue :: v_0_2_1
io :: crates :: smallvec :: v_0_3_3,io :: crates :: control_code :: v_0_7_0
io :: crates :: smallvec :: v_0_3_3,io :: crates :: spade :: v_1_1_0
io :: crates :: smallvec :: v_0_3_3,io :: crates :: control_code :: v_0_6_2
io :: crates :: smallvec :: v_0_3_3,io :: crates :: vulkano :: v_0_3_2
io :: crates :: smallvec :: v_0_3_3,io :: crates :: alumina :: v_0_1_1
io :: crates :: smallvec :: v_0_3_3,io :: crates :: alumina :: v_0_1_0
io :: crates :: smallvec :: v_0_3_3,io :: crates :: spade :: v_1_2_0
io :: crates :: smallvec :: v_0_3_3,io :: crates :: spade :: v_1_4_0
io :: crates :: smallvec :: v_0_3_3,io :: crates :: spade :: v_1_3_0
io :: crates :: smallvec :: v_0_3_3,io :: crates :: vulkano :: v_0_6_0
io :: crates :: smallvec :: v_0_3_3,io :: crates :: vulkano :: v_0_5_0
io :: crates :: smallvec :: v_0_3_3,io :: crates :: vulkano :: v_0_5_1
io :: crates :: smallvec :: v_0_3_3,io :: crates :: vulkano :: v_0_5_2
io :: crates :: smallvec :: v_0_3_3,io :: crates :: vulkano :: v_0_5_3
io :: crates :: smallvec :: v_0_3_3,io :: crates :: vulkano :: v_0_5_4
io :: crates :: smallvec :: v_0_3_3,io :: crates :: vulkano :: v_0_5_5
io :: crates :: smallvec :: v_0_3_3,io :: crates :: vulkano :: v_0_5_6
io :: crates :: smallvec :: v_0_3_3,io :: crates :: ion_shell :: v_1_0_2
io :: crates :: smallvec :: v_0_3_3,io :: crates :: vulkano :: v_0_4_1
io :: crates :: smallvec :: v_0_3_3,io :: crates :: vulkano :: v_0_4_0
io :: crates :: smallvec :: v_0_3_3,io :: crates :: vulkano :: v_0_4_3
io :: crates :: smallvec :: v_0_3_3,io :: crates :: vulkano :: v_0_4_2
io :: crates :: smallvec :: v_0_3_3,io :: crates :: vulkano :: v_0_4_4
io :: crates :: smallvec :: v_0_3_3,io :: crates :: ion_shell :: v_1_0_1
io :: crates :: smallvec :: v_0_3_3,io :: crates :: multiqueue :: v_0_1_1
io :: crates :: smallvec :: v_0_3_3,io :: crates :: multiqueue :: v_0_1_0
io :: crates :: smallvec :: v_0_3_3,io :: crates :: smallstring :: v_0_1_2
io :: crates :: smallvec :: v_0_3_3,io :: crates :: smallstring :: v_0_1_0
io :: crates :: smallvec :: v_0_3_3,io :: crates :: smallstring :: v_0_1_1
io :: crates :: smallvec :: v_0_3_3,io :: crates :: parallel :: v_0_11_0
io :: crates :: smallvec :: v_0_3_3,io :: crates :: parallel :: v_0_11_1
io :: crates :: smallvec :: v_0_3_3,io :: crates :: parallel :: v_0_10_5
io :: crates :: smallvec :: v_0_3_3,io :: crates :: parallel :: v_0_10_4
io :: crates :: smallvec :: v_0_3_3,io :: crates :: parallel :: v_0_10_7
io :: crates :: smallvec :: v_0_3_3,io :: crates :: parallel :: v_0_10_6
io :: crates :: smallvec :: v_0_3_3,io :: crates :: parallel :: v_0_10_1
io :: crates :: smallvec :: v_0_3_3,io :: crates :: parallel :: v_0_10_0
io :: crates :: smallvec :: v_0_3_3,io :: crates :: parallel :: v_0_10_3
io :: crates :: smallvec :: v_0_3_3,io :: crates :: parallel :: v_0_10_2
io :: crates :: smallvec :: v_0_4_4,io :: crates :: ion_shell :: v_1_0_3
io :: crates :: smallvec :: v_0_4_4,io :: crates :: parking_lot_core :: v_0_2_2
io :: crates :: smallvec :: v_0_4_4,io :: crates :: parking_lot_core :: v_0_2_3
io :: crates :: smallvec :: v_0_4_4,io :: crates :: parking_lot_core :: v_0_2_4
io :: crates :: smallvec :: v_0_4_4,io :: crates :: parking_lot_core :: v_0_2_5
io :: crates :: smallvec :: v_0_4_4,io :: crates :: parking_lot_core :: v_0_2_6
io :: crates :: smallvec :: v_0_4_4,io :: crates :: oftlisp :: v_0_1_3
io :: crates :: smallvec :: v_0_4_4,io :: crates :: oftlisp :: v_0_1_2
io :: crates :: smallvec :: v_0_4_4,io :: crates :: oftlisp :: v_0_1_1
io :: crates :: smallvec :: v_0_4_4,io :: crates :: oftlisp :: v_0_1_0
io :: crates :: smallvec :: v_0_4_4,io :: crates :: glium :: v_0_18_1
io :: crates :: smallvec :: v_0_4_4,io :: crates :: glium :: v_0_18_0
io :: crates :: smallvec :: v_0_4_4,io :: crates :: transaction_pool :: v_1_9_0
io :: crates :: smallvec :: v_0_4_4,io :: crates :: css :: v_0_0_6
io :: crates :: smallvec :: v_0_4_4,io :: crates :: css :: v_0_0_7
io :: crates :: smallvec :: v_0_4_4,io :: crates :: css :: v_0_0_4
io :: crates :: smallvec :: v_0_4_4,io :: crates :: css :: v_0_0_5
io :: crates :: smallvec :: v_0_4_4,io :: crates :: css :: v_0_0_2
io :: crates :: smallvec :: v_0_4_4,io :: crates :: css :: v_0_0_3
io :: crates :: smallvec :: v_0_4_4,io :: crates :: css :: v_0_0_1
io :: crates :: smallvec :: v_0_4_4,io :: crates :: primal_sieve :: v_0_2_8
io :: crates :: smallvec :: v_0_4_4,io :: crates :: cssparser :: v_0_20_2
io :: crates :: smallvec :: v_0_4_4,io :: crates :: css :: v_0_0_8
io :: crates :: smallvec :: v_0_4_4,io :: crates :: css :: v_0_0_9
io :: crates :: smallvec :: v_0_4_4,io :: crates :: tokio_utp :: v_0_1_0
io :: crates :: smallvec :: v_0_4_4,io :: crates :: cssparser :: v_0_22_0
io :: crates :: smallvec :: v_0_4_4,io :: crates :: cssparser :: v_0_22_1
io :: crates :: smallvec :: v_0_4_4,io :: crates :: ion_shell :: v_1_0_5
io :: crates :: smallvec :: v_0_4_4,io :: crates :: ion_shell :: v_1_0_4
io :: crates :: smallvec :: v_0_4_4,io :: crates :: tokio_utp :: v_0_3_0
io :: crates :: smallvec :: v_0_4_4,io :: crates :: amethyst_input :: v_0_1_0
io :: crates :: smallvec :: v_0_4_4,io :: crates :: oftlisp_anf :: v_0_1_3
io :: crates :: smallvec :: v_0_4_4,io :: crates :: oftlisp_anf :: v_0_1_2
io :: crates :: smallvec :: v_0_4_4,io :: crates :: oftlisp_anf :: v_0_1_1
io :: crates :: smallvec :: v_0_4_4,io :: crates :: may_queue :: v_0_1_1
io :: crates :: smallvec :: v_0_4_4,io :: crates :: may_queue :: v_0_1_0
io :: crates :: smallvec :: v_0_4_4,io :: crates :: cssparser :: v_0_20_0
io :: crates :: smallvec :: v_0_4_4,io :: crates :: cssparser :: v_0_20_1
io :: crates :: smallvec :: v_0_4_4,io :: crates :: mysql :: v_12_1_0
io :: crates :: smallvec :: v_0_4_4,io :: crates :: mysql :: v_12_1_1
io :: crates :: smallvec :: v_0_4_4,io :: crates :: aovec :: v_1_1_0
io :: crates :: smallvec :: v_0_4_4,io :: crates :: parallel :: v_0_11_2
io :: crates :: smallvec :: v_0_4_4,io :: crates :: parallel :: v_0_11_3
io :: crates :: smallvec :: v_0_4_4,io :: crates :: shred :: v_0_4_5
io :: crates :: smallvec :: v_0_4_4,io :: crates :: shred :: v_0_4_4
io :: crates :: smallvec :: v_0_4_4,io :: crates :: shred :: v_0_4_6
io :: crates :: smallvec :: v_0_4_4,io :: crates :: shred :: v_0_4_1
io :: crates :: smallvec :: v_0_4_4,io :: crates :: shred :: v_0_4_0
io :: crates :: smallvec :: v_0_4_4,io :: crates :: shred :: v_0_4_3
io :: crates :: smallvec :: v_0_4_4,io :: crates :: shred :: v_0_4_2
io :: crates :: smallvec :: v_0_4_4,io :: crates :: css :: v_0_0_14
io :: crates :: smallvec :: v_0_4_4,io :: crates :: css :: v_0_0_15
io :: crates :: smallvec :: v_0_4_4,io :: crates :: css :: v_0_0_16
io :: crates :: smallvec :: v_0_4_4,io :: crates :: css :: v_0_0_17
io :: crates :: smallvec :: v_0_4_4,io :: crates :: css :: v_0_0_10
io :: crates :: smallvec :: v_0_4_4,io :: crates :: css :: v_0_0_11
io :: crates :: smallvec :: v_0_4_4,io :: crates :: css :: v_0_0_12
io :: crates :: smallvec :: v_0_4_4,io :: crates :: css :: v_0_0_13
io :: crates :: smallvec :: v_0_4_4,io :: crates :: amethyst_input :: v_0_2_0
io :: crates :: smallvec :: v_0_4_4,io :: crates :: css :: v_0_0_18
io :: crates :: smallvec :: v_0_4_4,io :: crates :: css :: v_0_0_19
io :: crates :: smallvec :: v_0_4_4,io :: crates :: rocket_sync :: v_0_1_0
io :: crates :: smallvec :: v_0_4_4,io :: crates :: may :: v_0_1_0
io :: crates :: smallvec :: v_0_4_4,io :: crates :: mysql_common :: v_0_1_0
io :: crates :: smallvec :: v_0_4_4,io :: crates :: mysql_common :: v_0_3_1
io :: crates :: smallvec :: v_0_4_4,io :: crates :: mysql_common :: v_0_3_0
io :: crates :: smallvec :: v_0_4_4,io :: crates :: mysql_common :: v_0_3_2
io :: crates :: smallvec :: v_0_4_4,io :: crates :: rocket :: v_0_3_1
io :: crates :: smallvec :: v_0_4_4,io :: crates :: rocket :: v_0_3_0
io :: crates :: smallvec :: v_0_4_4,io :: crates :: rocket :: v_0_3_3
io :: crates :: smallvec :: v_0_4_4,io :: crates :: rocket :: v_0_3_2
io :: crates :: smallvec :: v_0_4_4,io :: crates :: rocket :: v_0_3_5
io :: crates :: smallvec :: v_0_4_4,io :: crates :: rocket :: v_0_3_4
io :: crates :: smallvec :: v_0_4_4,io :: crates :: rocket :: v_0_3_6
io :: crates :: smallvec :: v_0_4_4,io :: crates :: cssparser :: v_0_19_5
io :: crates :: smallvec :: v_0_4_4,io :: crates :: mysql_common :: v_0_5_0
io :: crates :: smallvec :: v_0_4_4,io :: crates :: css :: v_0_0_21
io :: crates :: smallvec :: v_0_4_4,io :: crates :: css :: v_0_0_20
io :: crates :: smallvec :: v_0_4_4,io :: crates :: css :: v_0_0_22
io :: crates :: smallvec :: v_0_4_4,io :: crates :: amethyst_renderer :: v_0_6_0
io :: crates :: smallvec :: v_0_4_4,io :: crates :: amethyst_renderer :: v_0_6_1
io :: crates :: smallvec :: v_0_4_4,io :: crates :: ferris_says :: v_0_1_0
io :: crates :: smallvec :: v_0_4_4,io :: crates :: ferris_says :: v_0_1_1
io :: crates :: smallvec :: v_0_4_4,io :: crates :: voodoo :: v_0_3_0
io :: crates :: smallvec :: v_0_4_4,io :: crates :: redirect :: v_0_3_0
io :: crates :: smallvec :: v_0_4_4,io :: crates :: voodoo :: v_0_1_1
io :: crates :: smallvec :: v_0_4_4,io :: crates :: voodoo :: v_0_1_0
io :: crates :: smallvec :: v_0_4_4,io :: crates :: voodoo :: v_0_1_2
io :: crates :: smallvec :: v_0_4_4,io :: crates :: shred :: v_0_5_0
io :: crates :: smallvec :: v_0_4_4,io :: crates :: shred :: v_0_5_1
io :: crates :: smallvec :: v_0_4_4,io :: crates :: shred :: v_0_5_2
io :: crates :: smallvec :: v_0_4_4,io :: crates :: mysql_common :: v_0_2_0
io :: crates :: smallvec :: v_0_4_4,io :: crates :: primal_sieve :: v_0_2_7
io :: crates :: smallvec :: v_0_4_4,io :: crates :: vulkano :: v_0_6_2
io :: crates :: smallvec :: v_0_4_4,io :: crates :: vulkano :: v_0_6_1
io :: crates :: smallvec :: v_0_4_4,io :: crates :: mysql :: v_12_2_0
io :: crates :: smallvec :: v_0_4_4,io :: crates :: redirect :: v_0_2_0
io :: crates :: smallvec :: v_0_4_4,io :: crates :: redirect :: v_0_2_1
io :: crates :: smallvec :: v_0_4_4,io :: crates :: amethyst_audio :: v_0_1_1
io :: crates :: smallvec :: v_0_4_4,io :: crates :: amethyst_audio :: v_0_1_0
io :: crates :: smallvec :: v_0_4_4,io :: crates :: voodoo :: v_0_2_0
io :: crates :: smallvec :: v_0_4_4,io :: crates :: voodoo :: v_0_2_1
io :: crates :: smallvec :: v_0_4_4,io :: crates :: mysql_common :: v_0_4_0
io :: crates :: smallvec :: v_0_4_4,io :: crates :: redirect :: v_0_1_0
io :: crates :: smallvec :: v_0_4_4,io :: crates :: glium :: v_0_19_0
io :: crates :: smallvec :: v_0_4_4,io :: crates :: control_code :: v_0_7_1
io :: crates :: smallvec :: v_0_4_4,io :: crates :: amp :: v_0_3_4
io :: crates :: smallvec :: v_0_4_4,io :: crates :: amp :: v_0_3_2
io :: crates :: smallvec :: v_0_4_4,io :: crates :: amp :: v_0_3_3
io :: crates :: smallvec :: v_0_4_4,io :: crates :: intervaltree :: v_0_2_3
io :: crates :: smallvec :: v_0_4_4,io :: crates :: intervaltree :: v_0_2_2
io :: crates :: smallvec :: v_0_4_4,io :: crates :: intervaltree :: v_0_2_1
io :: crates :: smallvec :: v_0_4_4,io :: crates :: intervaltree :: v_0_2_0
io :: crates :: smallvec :: v_0_4_4,io :: crates :: glium :: v_0_17_1
io :: crates :: smallvec :: v_0_4_4,io :: crates :: amethyst :: v_0_5_0
io :: crates :: smallvec :: v_0_4_4,io :: crates :: amethyst :: v_0_5_1
io :: crates :: smallvec :: v_0_4_4,io :: crates :: cssparser :: v_0_23_1
io :: crates :: smallvec :: v_0_4_4,io :: crates :: cssparser :: v_0_23_0
io :: crates :: smallvec :: v_0_4_4,io :: crates :: vulkano :: v_0_7_2
io :: crates :: smallvec :: v_0_4_4,io :: crates :: amethyst_input :: v_0_2_1
io :: crates :: smallvec :: v_0_4_4,io :: crates :: vulkano :: v_0_7_0
io :: crates :: smallvec :: v_0_4_4,io :: crates :: vulkano :: v_0_7_1
io :: crates :: smallvec :: v_0_4_4,io :: crates :: cssparser :: v_0_21_2
io :: crates :: smallvec :: v_0_4_4,io :: crates :: tokio_utp :: v_0_2_9
io :: crates :: smallvec :: v_0_4_4,io :: crates :: tokio_utp :: v_0_2_8
io :: crates :: smallvec :: v_0_4_4,io :: crates :: tokio_utp :: v_0_2_7
io :: crates :: smallvec :: v_0_4_4,io :: crates :: tokio_utp :: v_0_2_6
io :: crates :: smallvec :: v_0_4_4,io :: crates :: tokio_utp :: v_0_2_5
io :: crates :: smallvec :: v_0_4_4,io :: crates :: tokio_utp :: v_0_2_4
io :: crates :: smallvec :: v_0_4_4,io :: crates :: tokio_utp :: v_0_2_3
io :: crates :: smallvec :: v_0_4_4,io :: crates :: tokio_utp :: v_0_2_2
io :: crates :: smallvec :: v_0_4_4,io :: crates :: tokio_utp :: v_0_2_1
io :: crates :: smallvec :: v_0_4_4,io :: crates :: tokio_utp :: v_0_2_0
io :: crates :: smallvec :: v_0_4_4,io :: crates :: aovec :: v_1_0_0
io :: crates :: smallvec :: v_0_4_4,io :: crates :: aovec :: v_1_0_1
io :: crates :: smallvec :: v_0_4_4,io :: crates :: aovec :: v_1_0_2
io :: crates :: smallvec :: v_0_4_4,io :: crates :: cssparser :: v_0_21_1
io :: crates :: smallvec :: v_0_4_4,io :: crates :: cssparser :: v_0_21_0
io :: crates :: smallvec :: v_0_4_4,io :: crates :: cssparser :: v_0_21_3
io :: crates :: smallvec :: v_0_4_4,io :: crates :: mysql :: v_12_0_5
io :: crates :: smallvec :: v_0_4_4,io :: crates :: mysql :: v_12_0_4
io :: crates :: smallvec :: v_0_4_4,io :: crates :: mysql :: v_12_0_3
io :: crates :: smallvec :: v_0_4_4,io :: crates :: mysql :: v_12_0_2
io :: crates :: smallvec :: v_0_4_4,io :: crates :: mysql :: v_12_0_1
io :: crates :: smallvec :: v_0_4_4,io :: crates :: mysql :: v_12_0_0
io :: crates :: smallvec :: v_0_5_0,io :: crates :: tokio_coap :: v_0_1_1
io :: crates :: smallvec :: v_0_5_0,io :: crates :: wyrm :: v_0_7_2
io :: crates :: smallvec :: v_0_5_0,io :: crates :: wyrm :: v_0_7_0
io :: crates :: smallvec :: v_0_5_0,io :: crates :: wyrm :: v_0_7_1
io :: crates :: smallvec :: v_0_5_0,io :: crates :: mgf :: v_0_3_0
io :: crates :: smallvec :: v_0_5_0,io :: crates :: mgf :: v_0_3_1
io :: crates :: smallvec :: v_0_5_0,io :: crates :: mgf :: v_0_3_2
io :: crates :: smallvec :: v_0_5_0,io :: crates :: julia :: v_0_2_4
io :: crates :: smallvec :: v_0_5_0,io :: crates :: julia :: v_0_2_5
io :: crates :: smallvec :: v_0_5_0,io :: crates :: julia :: v_0_2_0
io :: crates :: smallvec :: v_0_5_0,io :: crates :: wyrm :: v_0_4_0
io :: crates :: smallvec :: v_0_5_0,io :: crates :: julia :: v_0_2_2
io :: crates :: smallvec :: v_0_5_0,io :: crates :: julia :: v_0_2_3
io :: crates :: smallvec :: v_0_5_0,io :: crates :: wyrm :: v_0_3_0
io :: crates :: smallvec :: v_0_5_0,io :: crates :: wyrm :: v_0_3_1
io :: crates :: smallvec :: v_0_5_0,io :: crates :: wyrm :: v_0_6_0
io :: crates :: smallvec :: v_0_5_0,io :: crates :: julia :: v_0_1_3
io :: crates :: smallvec :: v_0_5_0,io :: crates :: julia :: v_0_1_2
io :: crates :: smallvec :: v_0_5_0,io :: crates :: julia :: v_0_1_1
io :: crates :: smallvec :: v_0_5_0,io :: crates :: julia :: v_0_1_0
io :: crates :: smallvec :: v_0_5_0,io :: crates :: wyrm :: v_0_5_0
io :: crates :: smallvec :: v_0_5_0,io :: crates :: julia :: v_0_1_4
io :: crates :: smallvec :: v_0_5_0,io :: crates :: wyrm :: v_0_1_0
io :: crates :: smallvec :: v_0_5_0,io :: crates :: vulkano :: v_0_7_3
io :: crates :: smallvec :: v_0_5_0,io :: crates :: wyrm :: v_0_2_0
io :: crates :: smallvec :: v_0_5_0,io :: crates :: copra :: v_0_1_1
io :: crates :: smallvec :: v_0_5_0,io :: crates :: copra :: v_0_1_0
io :: crates :: smallvec :: v_0_5_0,io :: crates :: julia :: v_0_2_1
io :: crates :: smallvec :: v_0_5_0,io :: crates :: mgf :: v_1_0_0
io :: crates :: smallvec :: v_0_5_0,io :: crates :: mgf :: v_0_2_1
io :: crates :: smallvec :: v_0_5_0,io :: crates :: mgf :: v_0_2_0
io :: crates :: smallvec :: v_0_5_0,io :: crates :: mgf :: v_0_2_2
io :: crates :: smallvec :: v_0_5_0,io :: crates :: mgf :: v_0_1_0
io :: crates :: smallvec :: v_0_6_0,io :: crates :: parking_lot_core :: v_0_2_8
io :: crates :: smallvec :: v_0_6_0,io :: crates :: parking_lot_core :: v_0_2_9
io :: crates :: smallvec :: v_0_6_0,io :: crates :: reed_solomon_erasure :: v_2_1_0_beta
io :: crates :: smallvec :: v_0_6_0,io :: crates :: parking_lot_core :: v_0_2_7
io :: crates :: smallvec :: v_0_6_0,io :: crates :: actix :: v_0_5_1
io :: crates :: smallvec :: v_0_6_0,io :: crates :: actix :: v_0_5_0
io :: crates :: smallvec :: v_0_6_0,io :: crates :: mcts :: v_0_1_0
io :: crates :: smallvec :: v_0_6_0,io :: crates :: addr2line :: v_0_6_0
io :: crates :: smallvec :: v_0_6_0,io :: crates :: reed_solomon_erasure :: v_2_1_0
io :: crates :: smallvec :: v_0_6_0,io :: crates :: actix_web :: v_0_4_3
io :: crates :: smallvec :: v_0_6_0,io :: crates :: selectors :: v_0_19_0
io :: crates :: smallvec :: v_0_6_0,io :: crates :: shred :: v_0_6_0
io :: crates :: smallvec :: v_0_6_0,io :: crates :: reed_solomon_erasure :: v_2_3_1
io :: crates :: smallvec :: v_0_6_0,io :: crates :: reed_solomon_erasure :: v_2_3_0
io :: crates :: smallvec :: v_0_6_0,io :: crates :: reed_solomon_erasure :: v_2_3_3
io :: crates :: smallvec :: v_0_6_0,io :: crates :: reed_solomon_erasure :: v_2_3_2
io :: crates :: smallvec :: v_0_6_0,io :: crates :: mcts :: v_0_2_0
io :: crates :: smallvec :: v_0_6_0,io :: crates :: may :: v_0_3_0
io :: crates :: smallvec :: v_0_6_0,io :: crates :: ropey :: v_0_5_5
io :: crates :: smallvec :: v_0_6_0,io :: crates :: ropey :: v_0_5_4
io :: crates :: smallvec :: v_0_6_0,io :: crates :: ropey :: v_0_5_6
io :: crates :: smallvec :: v_0_6_0,io :: crates :: ropey :: v_0_5_1
io :: crates :: smallvec :: v_0_6_0,io :: crates :: ropey :: v_0_5_0
io :: crates :: smallvec :: v_0_6_0,io :: crates :: ropey :: v_0_5_3
io :: crates :: smallvec :: v_0_6_0,io :: crates :: ropey :: v_0_5_2
io :: crates :: smallvec :: v_0_6_0,io :: crates :: reed_solomon_erasure :: v_3_0_2
io :: crates :: smallvec :: v_0_6_0,io :: crates :: reed_solomon_erasure :: v_3_0_1
io :: crates :: smallvec :: v_0_6_0,io :: crates :: reed_solomon_erasure :: v_3_0_0
io :: crates :: smallvec :: v_0_6_0,io :: crates :: mio_httpc :: v_0_4_0
io :: crates :: smallvec :: v_0_6_0,io :: crates :: hexagon :: v_0_1_0
io :: crates :: smallvec :: v_0_6_0,io :: crates :: hexagon :: v_0_1_1
io :: crates :: smallvec :: v_0_6_0,io :: crates :: hexagon :: v_0_1_2
io :: crates :: smallvec :: v_0_6_0,io :: crates :: reed_solomon_erasure :: v_2_4_0
io :: crates :: smallvec :: v_0_6_0,io :: crates :: apint :: v_0_0_0_alpha_5
io :: crates :: smallvec :: v_0_6_0,io :: crates :: apint :: v_0_0_0_alpha_4
io :: crates :: smallvec :: v_0_6_0,io :: crates :: apint :: v_0_0_0_alpha_7
io :: crates :: smallvec :: v_0_6_0,io :: crates :: apint :: v_0_0_0_alpha_6
io :: crates :: smallvec :: v_0_6_0,io :: crates :: mio_httpc :: v_0_2_4
io :: crates :: smallvec :: v_0_6_0,io :: crates :: mio_httpc :: v_0_2_5
io :: crates :: smallvec :: v_0_6_0,io :: crates :: apint :: v_0_0_0_alpha_3
io :: crates :: smallvec :: v_0_6_0,io :: crates :: parking_lot_core :: v_0_2_12
io :: crates :: smallvec :: v_0_6_0,io :: crates :: parking_lot_core :: v_0_2_13
io :: crates :: smallvec :: v_0_6_0,io :: crates :: parking_lot_core :: v_0_2_10
io :: crates :: smallvec :: v_0_6_0,io :: crates :: parking_lot_core :: v_0_2_11
io :: crates :: smallvec :: v_0_6_0,io :: crates :: apint :: v_0_0_0_alpha_9
io :: crates :: smallvec :: v_0_6_0,io :: crates :: apint :: v_0_0_0_alpha_8
io :: crates :: smallvec :: v_0_6_0,io :: crates :: reed_solomon_erasure :: v_2_0_0
io :: crates :: smallvec :: v_0_6_0,io :: crates :: reed_solomon_erasure :: v_2_2_0
io :: crates :: smallvec :: v_0_6_0,io :: crates :: may :: v_0_2_0
io :: crates :: smallvec :: v_0_6_0,io :: crates :: gpgme :: v_0_7_2
io :: crates :: smallvec :: v_0_6_0,io :: crates :: mio_httpc :: v_0_2_0
io :: crates :: smallvec :: v_0_6_0,io :: crates :: ropey :: v_0_4_0
io :: crates :: smallvec :: v_0_6_0,io :: crates :: ropey :: v_0_4_1
io :: crates :: smallvec :: v_0_6_0,io :: crates :: ropey :: v_0_6_2
io :: crates :: smallvec :: v_0_6_0,io :: crates :: ropey :: v_0_6_3
io :: crates :: smallvec :: v_0_6_0,io :: crates :: ropey :: v_0_6_0
io :: crates :: smallvec :: v_0_6_0,io :: crates :: ropey :: v_0_6_1
io :: crates :: smallvec :: v_0_6_0,io :: crates :: rando :: v_0_1_0
io :: crates :: smallvec :: v_0_6_0,io :: crates :: rando :: v_0_1_1
io :: crates :: smallvec :: v_0_6_0,io :: crates :: mio_httpc :: v_0_2_1
io :: crates :: smallvec :: v_0_6_0,io :: crates :: mio_httpc :: v_0_3_1
io :: crates :: smallvec :: v_0_6_0,io :: crates :: mio_httpc :: v_0_3_0
io :: crates :: smallvec :: v_0_6_0,io :: crates :: mio_httpc :: v_0_3_3
io :: crates :: smallvec :: v_0_6_0,io :: crates :: mio_httpc :: v_0_3_2
io :: crates :: smallvec :: v_0_6_0,io :: crates :: mio_httpc :: v_0_3_5
io :: crates :: smallvec :: v_0_6_0,io :: crates :: mio_httpc :: v_0_3_4
io :: crates :: smallvec :: v_0_6_0,io :: crates :: mio_httpc :: v_0_3_7
io :: crates :: smallvec :: v_0_6_0,io :: crates :: mio_httpc :: v_0_3_6
io :: crates :: smallvec :: v_0_6_0,io :: crates :: sounding_analysis :: v_0_3_0
io :: crates :: smallvec :: v_0_6_0,io :: crates :: actix :: v_0_4_2
io :: crates :: smallvec :: v_0_6_0,io :: crates :: actix :: v_0_4_3
io :: crates :: smallvec :: v_0_6_0,io :: crates :: actix :: v_0_4_4
io :: crates :: smallvec :: v_0_6_0,io :: crates :: actix :: v_0_4_5
io :: crates :: smallvec :: v_0_6_0,io :: crates :: graf :: v_0_0_1
io :: crates :: smallvec :: v_0_6_0,io :: crates :: mio_httpc :: v_0_2_2
io :: crates :: smallvec :: v_0_6_0,io :: crates :: mio_httpc :: v_0_2_3
io :: crates :: smallvec :: v_0_6_0,io :: crates :: cssparser :: v_0_23_2
io :: crates :: smallvec :: v_0_6_0,io :: crates :: mio_httpc :: v_0_2_6
io :: crates :: smallvec :: v_0_6_0,io :: crates :: apint :: v_0_0_1
io :: crates :: smallvec :: v_0_6_0,io :: crates :: apint :: v_0_0_3
io :: crates :: smallvec :: v_0_6_0,io :: crates :: apint :: v_0_0_2
io :: crates :: smallvec :: v_0_6_0,io :: crates :: apint :: v_0_0_5
io :: crates :: smallvec :: v_0_6_0,io :: crates :: apint :: v_0_0_4
io :: crates :: smallvec :: v_0_6_0,io :: crates :: actix_web :: v_0_4_4
io :: crates :: smallvec :: v_0_6_0,io :: crates :: glium :: v_0_20_0
io :: crates :: smallvec :: v_0_6_0,io :: crates :: actix_web :: v_0_4_2
io :: crates :: smallvec :: v_0_6_0,io :: crates :: actix_web :: v_0_4_1
io :: crates :: smallvec :: v_0_6_0,io :: crates :: actix_web :: v_0_4_0
io :: crates :: smallvec :: v_0_6_0,io :: crates :: mio_httpc :: v_0_5_3
io :: crates :: smallvec :: v_0_6_0,io :: crates :: mio_httpc :: v_0_5_2
io :: crates :: smallvec :: v_0_6_0,io :: crates :: mio_httpc :: v_0_5_1
io :: crates :: smallvec :: v_0_6_0,io :: crates :: mio_httpc :: v_0_5_0
io :: crates :: smallvec :: v_0_6_0,io :: crates :: mio_httpc :: v_0_5_6
io :: crates :: smallvec :: v_0_6_0,io :: crates :: mio_httpc :: v_0_5_5
io :: crates :: smallvec :: v_0_6_0,io :: crates :: mio_httpc :: v_0_5_4
io :: crates :: smallvec :: v_0_6_0,io :: crates :: actix_web :: v_0_3_3
io :: crates :: smallvec :: v_0_6_0,io :: crates :: actix_web :: v_0_3_0
io :: crates :: smallvec :: v_0_6_0,io :: crates :: actix_web :: v_0_3_1
io :: crates :: smallvec :: v_0_6_0,io :: crates :: actix_web :: v_0_3_2
io :: crates :: smallvec :: v_0_6_0,io :: crates :: sounding_base :: v_0_3_0